,EN-pref,EN-alt,DE-pref,DE-alt,IT-pref,IT-alt,First appearance,Creator,Wikidata QID
d01,Donald Duck,Donald Fauntleroy Duck,Donald Duck,Donald Fauntleroy Duck,Paperino,Paolino Paperino,1931,Walt Disney,Q6550
d02,Daisy Duck,,Daisy Duck,,Paperina,,1937,Carl Barks,Q715763
d03,Huey,Huey Duck; Hubert Duck,Trick,,Qui,,1937,Ted Osborne; Al Taliaferro,Q15698944
d04,Dewey,Dewey Duck; Deuteronomy Duck; Dewford Duck,Tick,,Quo,,1937,Ted Osborne; Al Taliaferro,Q27993410
d05,Louie,Louie Duck; Louis Duck; Llewelyn Duck,Track,,Qua,,1937,Ted Osborne; Al Taliaferro,Q27993406
d06,Scrooge McDuck,Uncle Scrooge; Scrooge; Mr. McD,Dagobert Duck,Onkel Dagobert; Mr. Mc D.,Paperon de' Paperoni,Paperone; Zio Paperone; Paperon De Paperoni,1947,Carl Barks,Q11937
d07,Ludwig Von Drake,,Primus von Quack,,Pico De Paperis,,1961,Walt Disney; Milt Kahl; Ward Kimball,Q1753262
d08,Gladstone Gander,,Gustav Gans,,Gastone Paperone,Gastone,1948,Carl Barks,Q854212